/*
 Navicat Premium Data Transfer

 Source Server         : localhost
 Source Server Type    : MySQL
 Source Server Version : 100113
 Source Host           : localhost
 Source Database       : nefu

 Target Server Type    : MySQL
 Target Server Version : 100113
 File Encoding         : utf-8

 Date: 03/29/2018 15:18:13 PM
*/

SET NAMES utf8mb4;
SET FOREIGN_KEY_CHECKS = 0;

-- ----------------------------
--  Table structure for `admin`
-- ----------------------------
DROP TABLE IF EXISTS `admin`;
CREATE TABLE `admin` (
  `a_id` int(11) NOT NULL AUTO_INCREMENT,
  `a_account` varchar(11) DEFAULT NULL COMMENT '登录账号',
  `password` varchar(255) DEFAULT NULL,
  `college` varchar(255) DEFAULT NULL COMMENT '学院',
  `genre` int(11) DEFAULT NULL COMMENT '管理员类别',
  `name` varchar(255) DEFAULT NULL,
  `grade` int(11) DEFAULT NULL,
  PRIMARY KEY (`a_id`)
) ENGINE=InnoDB AUTO_INCREMENT=17 DEFAULT CHARSET=utf8;

-- ----------------------------
--  Records of `admin`
-- ----------------------------
BEGIN;
INSERT INTO `admin` VALUES ('1', '12345', '827ccb0eea8a706c4c34a16891f84e7b', '', '1', 'ADMIN', null), ('12', '20141111', '202cb962ac59075b964b07152d234b70', '1', null, '杨书', '2014'), ('13', '20151122', '202cb962ac59075b964b07152d234b70', '1', null, '臧三', '2015'), ('14', '20142211', '202cb962ac59075b964b07152d234b70', '2', null, '欧阳', '2014'), ('15', '20152222', '202cb962ac59075b964b07152d234b70', '2', null, '向前东', '2015'), ('16', '20162233', '202cb962ac59075b964b07152d234b70', '2', null, '阿斯蒂芬', '2016');
COMMIT;

-- ----------------------------
--  Table structure for `class`
-- ----------------------------
DROP TABLE IF EXISTS `class`;
CREATE TABLE `class` (
  `id` int(11) NOT NULL AUTO_INCREMENT,
  `class_name` varchar(255) DEFAULT NULL COMMENT '班级名称',
  `p_id` int(11) DEFAULT NULL COMMENT '专业ID',
  `grade` int(11) DEFAULT NULL,
  `c_id` int(11) DEFAULT NULL COMMENT '学院id',
  PRIMARY KEY (`id`)
) ENGINE=InnoDB AUTO_INCREMENT=44 DEFAULT CHARSET=utf8;

-- ----------------------------
--  Records of `class`
-- ----------------------------
BEGIN;
INSERT INTO `class` VALUES ('31', '1班', '11', '2017', '9'), ('32', '2班', '11', '2017', '9'), ('33', '1班', '13', '2018', '10'), ('34', '2班', '13', '2018', '10'), ('35', '1班', '14', '2018', '10'), ('36', '2班', '14', '2018', '10'), ('37', '1班', '14', '2017', '10'), ('38', '2班', '14', '2017', '10'), ('39', '1班', '12', '2017', '9'), ('40', '2班', '12', '2017', '9'), ('41', '4班', '12', '2017', '9'), ('42', '6班', '12', '2018', '9'), ('43', '3班', '12', '2018', '9');
COMMIT;

-- ----------------------------
--  Table structure for `college`
-- ----------------------------
DROP TABLE IF EXISTS `college`;
CREATE TABLE `college` (
  `c_id` int(11) NOT NULL AUTO_INCREMENT,
  `pid` int(11) DEFAULT NULL,
  `name` varchar(255) DEFAULT NULL,
  PRIMARY KEY (`c_id`)
) ENGINE=InnoDB AUTO_INCREMENT=15 DEFAULT CHARSET=utf8;

-- ----------------------------
--  Records of `college`
-- ----------------------------
BEGIN;
INSERT INTO `college` VALUES ('9', '0', '计算机学院'), ('10', '0', '机电学院'), ('11', '9', '计算机专业'), ('12', '9', '软件工程专业'), ('13', '10', '机电1'), ('14', '10', '机电2');
COMMIT;

-- ----------------------------
--  Table structure for `items`
-- ----------------------------
DROP TABLE IF EXISTS `items`;
CREATE TABLE `items` (
  `id` int(11) NOT NULL AUTO_INCREMENT,
  `pid` int(11) NOT NULL,
  `name` varchar(255) DEFAULT NULL COMMENT '奖项名称',
  PRIMARY KEY (`id`),
  KEY `pid` (`pid`)
) ENGINE=InnoDB AUTO_INCREMENT=104 DEFAULT CHARSET=utf8;

-- ----------------------------
--  Records of `items`
-- ----------------------------
BEGIN;
INSERT INTO `items` VALUES ('1', '0', '政治思想评价子项目'), ('2', '0', '智能素质评价子项目'), ('3', '0', '能力发展评价子项目'), ('4', '1', '价值观'), ('5', '1', '为人处事态度'), ('6', '1', '学风表现'), ('8', '1', '遵纪守法'), ('9', '2', '智育成绩'), ('11', '2', '学科竞赛'), ('12', '2', '科研项目'), ('13', '2', '技能考试'), ('14', '3', '学生工作'), ('15', '3', '文体活动'), ('16', '3', '能力竞赛'), ('18', '4', '参加积极分子党课并结业'), ('19', '4', '积极分子党课获得优秀学员'), ('20', '4', '参加预备党员党课并结业'), ('21', '4', '预备党员党课优秀学员'), ('22', '4', '党支部委员'), ('23', '4', '积极参与党团活动'), ('24', '5', '团结同学'), ('25', '5', '尊敬师长'), ('26', '5', '助人为乐'), ('27', '5', '热心班级建设，积极为同学服务，有着良好口碑'), ('28', '6', '学期内无旷课，迟到，早退现象'), ('29', '6', '主动帮助学习有困难的同学'), ('30', '6', '单一学期智育成绩提高xx分以上'), ('31', '6', '为班级学风建设做出突出贡献'), ('32', '6', '其他在学分建设上变现突出的行为'), ('33', '8', '学期内无学院点名批评以上处分'), ('34', '8', '为受到行政处分以及刑事处罚'), ('35', '9', '智育成绩95分以上'), ('36', '9', '90-95分'), ('37', '9', '85-90分'), ('38', '9', '80-85分'), ('39', '9', '75-80分'), ('40', '9', '70-75分'), ('41', '9', '65-70分'), ('42', '9', '60-65分'), ('43', '9', '60分以下'), ('50', '11', '国际级竞赛一等奖'), ('51', '11', '国际级竞赛二等奖'), ('52', '11', '国际级竞赛三等奖'), ('53', '11', '国家级竞赛一等奖'), ('54', '11', '国家级竞赛二等奖'), ('55', '11', '国家级竞赛三等奖'), ('56', '11', '校级以上竞赛一等奖'), ('57', '11', '校级以上竞赛二等奖'), ('58', '11', '校级以上竞赛三等奖'), ('59', '11', '校级竞赛一等奖'), ('60', '11', '校级竞赛二等奖'), ('61', '11', '校级竞赛三等奖'), ('62', '12', '发明专利第一申请人'), ('63', '12', '发明专利申请团队成员'), ('64', '12', '实用新型专利第一申请人'), ('65', '12', '实用新型专利申请团队成员'), ('66', '12', '外观设计专利第一申请人'), ('67', '12', '外观设计专利申请团队成员'), ('68', '12', '软件著作权第一申请人'), ('69', '12', '省，市，部级项目负责人'), ('70', '12', '校级项目负责人'), ('71', '12', '校级项目参与人'), ('72', '13', '六级优秀'), ('73', '13', '六级通过，四级优秀'), ('74', '13', '四级通过'), ('75', '13', '托福'), ('76', '13', '雅思'), ('77', '13', 'GRE'), ('78', '14', '组织或策划校级以上活动'), ('79', '14', '组织或策划校级活动'), ('80', '14', '组织或策划学院级活动'), ('81', '15', '积极主动参加各类讲座，报告，仪式等活动'), ('82', '15', '有人数要求的讲座，报告，仪式等活动'), ('83', '16', '获校（省）级以上奖励'), ('84', '16', '获校（省）级一等奖或第一名'), ('85', '16', '获校（省）级二等奖或第2,3名'), ('86', '16', '获校（省）级三等奖或第4,5,6名'), ('87', '16', '获院（校）级一等奖或第一名'), ('88', '16', '获院（校）级二等奖或第2,3名'), ('89', '16', '获院（校）级三等奖或第4,5,6名'), ('90', '16', '积极参与者（其余名次）'), ('102', '0', 'test'), ('103', '102', 'test11');
COMMIT;

-- ----------------------------
--  Table structure for `log`
-- ----------------------------
DROP TABLE IF EXISTS `log`;
CREATE TABLE `log` (
  `log_id` int(11) NOT NULL AUTO_INCREMENT,
  `time` datetime DEFAULT NULL,
  `u_id` int(11) DEFAULT NULL,
  `do` varchar(255) DEFAULT NULL COMMENT '操作',
  `genre` int(11) DEFAULT '0',
  PRIMARY KEY (`log_id`)
) ENGINE=InnoDB AUTO_INCREMENT=370 DEFAULT CHARSET=utf8;

-- ----------------------------
--  Records of `log`
-- ----------------------------
BEGIN;
INSERT INTO `log` VALUES ('92', '2017-08-24 17:17:50', '54', '登录', '0'), ('93', '2017-08-24 17:19:32', '55', '登录', '0'), ('94', '2017-08-24 17:19:58', '54', '登录', '0'), ('95', '2017-08-24 17:23:07', '54', '修改密码', '0'), ('96', '2017-08-24 17:23:21', '54', '登录', '0'), ('97', '2017-08-25 05:29:23', '54', '登录', '0'), ('98', '2017-08-25 06:22:59', '73', '登录', '0'), ('99', '2017-08-25 13:34:32', '75', '登录', '0'), ('100', '2017-08-25 14:56:22', '54', '登录', '0'), ('101', '2017-08-25 15:08:23', '54', '登录', '0'), ('102', '2017-08-25 23:18:26', '55', '登录', '0'), ('103', '2017-08-25 23:20:44', '1', '登录', '1'), ('104', '2017-08-25 23:42:08', '1', '登录', '1'), ('105', '2017-08-25 23:52:29', '12', '登录', '1'), ('106', '2017-08-25 23:56:40', '1', '登录', '1'), ('107', '2017-08-26 00:03:54', '54', '登录', '0'), ('108', '2017-08-26 00:25:14', '55', '登录', '0'), ('109', '2017-08-26 00:36:06', '12', '登录', '1'), ('110', '2017-08-26 00:41:05', '55', '登录', '0'), ('111', '2017-08-26 00:41:43', '55', '登录', '0'), ('112', '2017-08-26 09:13:25', '55', '登录', '0'), ('113', '2017-08-26 09:13:26', '55', '登录', '0'), ('114', '2017-08-26 09:18:56', '54', '登录', '0'), ('115', '2017-08-26 09:30:31', '54', '登录', '0'), ('116', '2017-08-26 09:30:52', '12', '登录', '1'), ('117', '2017-08-26 09:36:07', '54', '登录', '0'), ('118', '2017-08-26 09:37:04', '12', '登录', '1'), ('119', '2017-08-26 09:46:03', '54', '登录', '0'), ('120', '2017-08-26 09:48:05', '12', '登录', '1'), ('121', '2017-08-26 09:48:29', '54', '登录', '0'), ('122', '2017-08-26 09:48:57', '55', '登录', '0'), ('123', '2017-08-26 10:46:39', '56', '登录', '0'), ('124', '2017-08-26 11:43:47', '54', '登录', '0'), ('125', '2017-08-26 11:47:38', '56', '登录', '0'), ('126', '2017-08-26 11:48:46', '54', '登录', '0'), ('127', '2017-08-26 11:58:16', '1', '登录', '1'), ('128', '2017-08-26 12:02:49', '54', '登录', '0'), ('129', '2017-08-26 12:03:16', '1', '登录', '1'), ('130', '2017-08-26 12:03:43', '12', '登录', '1'), ('131', '2017-08-26 12:04:21', '14', '登录', '1'), ('132', '2017-08-26 13:24:36', '12', '登录', '1'), ('133', '2017-08-26 14:32:04', '12', '登录', '1'), ('134', '2017-08-26 15:24:37', '54', '登录', '0'), ('135', '2017-08-27 10:27:00', '54', '登录', '0'), ('136', '2017-08-27 10:28:48', '12', '登录', '1'), ('137', '2017-08-27 11:03:57', '56', '登录', '0'), ('138', '2017-08-27 11:05:11', '54', '登录', '0'), ('139', '2017-08-27 11:06:52', '64', '登录', '0'), ('140', '2017-08-27 11:07:23', '64', '登录', '0'), ('141', '2017-08-27 11:08:47', '66', '登录', '0'), ('142', '2017-08-27 11:12:05', '12', '登录', '1'), ('143', '2017-08-27 11:25:26', '64', '登录', '0'), ('144', '2017-08-27 11:45:46', '54', '登录', '0'), ('145', '2017-08-27 11:46:03', '55', '登录', '0'), ('146', '2017-08-27 11:46:22', '54', '登录', '0'), ('147', '2017-08-27 12:19:13', '60', '登录', '0'), ('148', '2017-08-27 16:08:56', '54', '登录', '0'), ('149', '2017-08-27 16:33:38', '55', '登录', '0'), ('150', '2017-08-27 16:34:01', '54', '登录', '0'), ('151', '2017-08-27 16:37:28', '58', '登录', '0'), ('152', '2017-08-27 16:37:53', '58', '登录', '0'), ('153', '2017-08-27 16:38:45', '59', '登录', '0'), ('154', '2017-08-27 16:39:13', '58', '登录', '0'), ('155', '2017-08-27 17:08:36', '59', '登录', '0'), ('156', '2017-08-27 17:09:14', '58', '登录', '0'), ('157', '2017-08-27 17:52:10', '12', '登录', '1'), ('158', '2017-08-27 17:52:57', '12', '登录', '1'), ('159', '2017-08-27 18:05:09', '1', '登录', '1'), ('160', '2017-08-27 18:10:20', '16', '登录', '1'), ('161', '2017-08-27 18:12:25', '12', '登录', '1'), ('162', '2017-08-27 18:13:39', '1', '登录', '1'), ('163', '2017-08-27 18:15:15', '54', '登录', '0'), ('164', '2017-08-27 18:26:04', '54', '登录', '0'), ('165', '2017-08-27 18:27:37', '54', '登录', '0'), ('166', '2017-08-27 18:38:47', '54', '修改密码', '0'), ('167', '2017-08-27 18:39:10', '54', '登录', '0'), ('168', '2017-08-27 20:15:13', '1', '登录', '1'), ('169', '2017-08-28 08:59:43', '54', '登录', '0'), ('170', '2017-08-28 11:02:35', '54', '登录', '0'), ('171', '2017-08-28 12:50:28', '12', '登录', '1'), ('172', '2017-08-28 12:51:15', '54', '登录', '0'), ('173', '2017-08-28 15:38:48', '1', '登录', '1'), ('174', '2017-08-28 15:50:38', '1', '登录', '1'), ('175', '2017-08-28 16:25:44', '12', '登录', '1'), ('176', '2017-08-28 16:59:01', '54', '登录', '0'), ('177', '2017-08-28 17:38:39', '1', '登录', '1'), ('178', '2017-08-28 23:37:01', '54', '登录', '0'), ('179', '2017-08-28 23:48:28', '12', '登录', '1'), ('180', '2017-08-28 23:50:40', '54', '登录', '0'), ('181', '2017-08-28 23:51:15', '12', '登录', '1'), ('182', '2017-08-28 23:55:10', '1', '登录', '1'), ('183', '2017-08-29 10:12:56', '1', '登录', '1'), ('184', '2017-08-29 10:51:41', '54', '登录', '0'), ('185', '2017-08-29 11:48:52', '54', '登录', '0'), ('186', '2017-08-29 15:21:47', '12', '登录', '1'), ('187', '2017-08-29 19:41:07', '54', '登录', '0'), ('188', '2017-08-29 21:01:12', '60', '登录', '0'), ('189', '2017-08-29 22:27:30', '12', '登录', '1'), ('190', '2017-08-29 22:31:23', '55', '登录', '0'), ('191', '2017-08-29 22:31:50', '54', '登录', '0'), ('192', '2017-08-29 22:32:53', '55', '登录', '0'), ('193', '2017-08-29 22:33:24', '86', '登录', '0'), ('194', '2017-08-29 22:34:02', '54', '登录', '0'), ('195', '2017-08-30 10:11:22', '54', '登录', '0'), ('196', '2017-08-30 11:38:07', '12', '登录', '1'), ('197', '2017-08-30 15:08:48', '1', '登录', '1'), ('198', '2017-08-30 15:40:35', '12', '登录', '1'), ('199', '2017-08-30 16:52:26', '87', '登录', '0'), ('200', '2017-08-30 16:52:53', '87', '登录', '0'), ('201', '2017-08-30 22:42:28', '54', '登录', '0'), ('202', '2017-08-30 22:47:08', '12', '登录', '1'), ('203', '2017-08-31 09:21:40', '12', '登录', '1'), ('204', '2017-08-31 10:40:54', '54', '登录', '0'), ('205', '2017-08-31 10:41:21', '54', '登录', '0'), ('206', '2017-08-31 10:41:42', '55', '登录', '0'), ('207', '2017-08-31 11:42:04', '1', '登录', '1'), ('211', '2017-08-31 11:57:15', '1', '登录', '1'), ('212', '2017-08-31 12:01:48', '54', '登录', '0'), ('213', '2017-08-31 12:02:13', '54', '修改密码', '0'), ('214', '2017-08-31 12:05:04', '54', '上传头像', '0'), ('215', '2017-08-31 12:06:00', '12', '登录', '1'), ('216', '2017-08-31 12:06:20', '55', '登录', '0'), ('217', '2017-08-31 13:54:25', '54', '登录', '0'), ('218', '2017-08-31 13:54:37', '55', '登录', '0'), ('219', '2017-08-31 14:06:12', '54', '登录', '0'), ('220', '2017-08-31 14:06:21', '55', '登录', '0'), ('221', '2017-08-31 14:10:23', '1', '登录', '1'), ('222', '2017-08-31 14:33:15', '1', '登录', '1'), ('223', '2017-08-31 15:34:25', '55', '登录', '0'), ('224', '2017-08-31 15:36:33', '12', '登录', '1'), ('225', '2017-08-31 15:45:53', '54', '登录', '0'), ('226', '2017-08-31 15:46:28', '86', '登录', '0'), ('227', '2017-08-31 15:46:43', '55', '登录', '0'), ('228', '2017-08-31 17:26:47', '1', '登录', '1'), ('229', '2017-08-31 17:28:31', '54', '登录', '0'), ('230', '2017-08-31 23:00:10', '54', '登录', '0'), ('231', '2017-09-01 09:37:17', '54', '登录', '0'), ('232', '2017-09-01 09:37:36', '55', '登录', '0'), ('233', '2017-09-01 10:30:21', '1', '登录', '1'), ('234', '2017-09-01 12:19:45', '12', '登录', '1'), ('235', '2017-09-01 12:57:42', '54', '登录', '0'), ('236', '2017-09-01 14:10:02', '55', '登录', '0'), ('237', '2017-09-01 14:17:28', '86', '登录', '0'), ('238', '2017-09-01 14:17:47', '87', '登录', '0'), ('239', '2017-09-01 14:18:37', '56', '登录', '0'), ('240', '2017-09-01 14:19:03', '54', '登录', '0'), ('241', '2017-09-01 14:20:49', '55', '登录', '0'), ('242', '2017-09-01 14:24:06', '1', '登录', '1'), ('243', '2017-09-01 14:24:25', '12', '登录', '1'), ('244', '2017-09-01 15:03:13', '1', '登录', '1'), ('245', '2017-09-01 15:15:17', '12', '登录', '1'), ('246', '2017-09-01 15:20:28', '12', '登录', '1'), ('247', '2017-09-01 15:39:15', '54', '登录', '0'), ('248', '2017-09-01 15:39:31', '12', '登录', '1'), ('249', '2017-09-01 16:04:21', '12', '登录', '1'), ('250', '2017-09-01 16:09:00', '1', '登录', '1'), ('251', '2017-09-01 16:16:26', '12', '登录', '1'), ('252', '2017-09-01 16:18:14', '1', '登录', '1'), ('253', '2017-09-01 16:47:11', '12', '登录', '1'), ('254', '2017-09-01 16:47:39', '54', '登录', '0'), ('255', '2017-09-01 16:47:53', '55', '登录', '0'), ('256', '2017-09-01 16:50:25', '1', '登录', '1'), ('257', '2017-09-01 16:51:46', '1', '登录', '1'), ('258', '2017-09-01 16:55:13', '1', '登录', '1'), ('259', '2017-09-01 21:54:46', '54', '登录', '0'), ('260', '2017-09-01 21:59:13', '54', '上传头像', '0'), ('261', '2017-09-01 22:01:38', '54', '上传头像', '0'), ('262', '2017-09-01 22:09:09', '54', '上传头像', '0'), ('263', '2017-09-01 22:09:21', '54', '上传头像', '0'), ('264', '2017-09-01 22:10:10', '54', '上传头像', '0'), ('265', '2017-09-01 22:10:14', '54', '上传头像', '0'), ('266', '2017-09-01 22:10:35', '54', '上传头像', '0'), ('267', '2017-09-01 22:12:03', '54', '上传头像', '0'), ('268', '2017-09-01 22:12:44', '54', '上传头像', '0'), ('269', '2017-09-01 22:14:28', '54', '上传头像', '0'), ('270', '2017-09-01 22:15:47', '54', '上传头像', '0'), ('271', '2017-09-01 22:15:50', '54', '上传头像', '0'), ('272', '2017-09-01 22:15:54', '54', '上传头像', '0'), ('273', '2017-09-01 22:17:52', '55', '登录', '0'), ('274', '2017-09-01 22:22:28', '55', '登录', '0'), ('275', '2017-09-01 22:24:30', '1', '登录', '1'), ('276', '2017-09-01 22:25:47', '1', '登录', '1'), ('277', '2017-09-01 23:09:51', '55', '登录', '0'), ('278', '2017-09-01 23:58:55', '12', '登录', '1'), ('279', '2017-09-02 00:04:11', '54', '登录', '0'), ('280', '2017-09-02 00:04:22', '55', '登录', '0'), ('281', '2017-09-02 00:11:26', '12', '登录', '1'), ('282', '2017-09-02 00:11:41', '1', '登录', '1'), ('283', '2017-09-02 09:58:08', '54', '登录', '0'), ('284', '2017-09-02 09:58:50', '54', '修改密码', '0'), ('285', '2017-09-02 09:59:55', '55', '登录', '0'), ('286', '2017-09-02 10:14:41', '55', '登录', '0'), ('287', '2017-09-02 10:24:07', '55', '上传头像', '0'), ('288', '2017-09-02 10:24:49', '12', '登录', '1'), ('289', '2017-09-02 10:33:32', '1', '登录', '1'), ('290', '2017-09-02 10:55:52', '54', '登录', '0'), ('291', '2017-09-02 10:56:08', '54', '登录', '0'), ('292', '2017-09-02 11:01:50', '55', '登录', '0'), ('293', '2017-09-02 11:02:16', '12', '登录', '1'), ('294', '2017-09-02 11:03:10', '54', '登录', '0'), ('295', '2017-09-02 11:22:55', '1', '登录', '1'), ('296', '2017-09-02 14:55:22', '91', '登录', '0'), ('297', '2017-09-02 14:59:12', '92', '登录', '0'), ('298', '2017-09-02 15:01:03', '55', '登录', '0'), ('299', '2017-09-02 15:20:03', '12', '登录', '1'), ('300', '2017-09-02 15:34:03', '54', '登录', '0'), ('301', '2017-09-02 15:34:26', '54', '登录', '0'), ('302', '2017-09-02 15:34:42', '55', '登录', '0'), ('303', '2017-09-02 15:35:02', '54', '登录', '0'), ('304', '2017-09-02 15:36:48', '55', '登录', '0'), ('305', '2017-09-02 16:38:19', '1', '登录', '1'), ('306', '2017-09-02 16:40:31', '55', '登录', '0'), ('307', '2017-09-02 16:40:49', '54', '登录', '0'), ('308', '2017-09-02 16:41:02', '92', '登录', '0'), ('309', '2017-09-02 16:42:27', '54', '登录', '0'), ('310', '2017-09-02 16:43:14', '1', '登录', '1'), ('311', '2017-09-02 16:43:25', '1', '登录', '1'), ('312', '2017-09-02 16:46:55', '54', '登录', '0'), ('313', '2017-09-02 16:47:20', '54', '上传头像', '0'), ('314', '2017-09-02 16:48:21', '54', '登录', '0'), ('315', '2017-09-02 16:48:46', '55', '登录', '0'), ('316', '2017-09-02 16:50:06', '12', '登录', '1'), ('317', '2017-09-02 16:50:21', '12', '登录', '1'), ('318', '2017-09-03 14:54:00', '1', '登录', '1'), ('319', '2017-09-03 15:34:04', '12', '登录', '1'), ('320', '2017-09-03 15:38:21', '55', '登录', '0'), ('321', '2017-09-03 15:43:24', '54', '登录', '0'), ('322', '2017-09-03 15:46:22', '54', '上传头像', '0'), ('323', '2017-09-03 15:51:56', '54', '登录', '0'), ('324', '2017-09-03 15:52:51', '54', '登录', '0'), ('325', '2017-09-03 16:00:12', '86', '登录', '0'), ('326', '2017-09-03 16:02:59', '54', '登录', '0'), ('327', '2017-09-04 03:40:16', '1', '登录', '1'), ('328', '2017-09-04 03:45:09', '55', '登录', '0'), ('329', '2017-09-04 03:47:05', '54', '登录', '0'), ('330', '2017-09-04 03:57:36', '12', '登录', '1'), ('331', '2017-09-16 08:32:03', '55', '登录', '0'), ('332', '2017-10-11 06:14:49', '54', '登录', '0'), ('333', '2017-10-11 06:15:22', '55', '登录', '0'), ('334', '2017-10-11 06:18:51', '12', '登录', '1'), ('335', '2017-10-11 06:39:49', '1', '登录', '1'), ('336', '2017-11-01 09:32:45', '55', '登录', '0'), ('337', '2017-11-01 09:33:02', '55', '登录', '0'), ('338', '2017-11-01 10:10:36', '55', '登录', '0'), ('339', '2017-11-01 10:41:24', '55', '登录', '0'), ('340', '2017-11-01 10:56:30', '12', '登录', '1'), ('341', '2017-11-01 11:29:59', '55', '登录', '0'), ('342', '2017-11-01 13:14:51', '55', '登录', '0'), ('343', '2017-11-22 06:44:32', '54', '登录', '0'), ('344', '2017-11-22 06:45:09', '55', '登录', '0'), ('345', '2017-11-22 07:08:02', '55', '登录', '0'), ('346', '2017-11-22 07:08:13', '55', '登录', '0'), ('347', '2017-11-22 07:27:36', '55', '登录', '0'), ('348', '2017-11-22 07:27:58', '55', '登录', '0'), ('349', '2017-11-22 08:00:51', '55', '登录', '0'), ('350', '2017-11-22 09:46:01', '55', '登录', '0'), ('351', '2017-11-22 14:18:41', '55', '登录', '0'), ('352', '2017-11-24 03:50:06', '55', '登录', '0'), ('353', '2017-11-24 03:50:20', '55', '登录', '0'), ('354', '2018-01-08 04:27:16', '54', '登录', '0'), ('355', '2018-01-08 04:29:10', '12', '登录', '1'), ('356', '2018-01-08 04:29:40', '54', '登录', '0'), ('357', '2018-01-08 08:22:22', '12', '登录', '1'), ('358', '2018-01-08 09:24:31', '1', '登录', '1'), ('359', '2018-01-08 09:26:29', '12', '登录', '1'), ('360', '2018-01-09 02:19:19', '1', '登录', '1'), ('361', '2018-01-09 07:43:33', '1', '登录', '1'), ('362', '2018-01-09 09:00:48', '1', '登录', '1'), ('363', '2018-01-15 10:08:59', '1', '登录', '1'), ('364', '2018-03-03 12:07:21', '1', '登录', '1'), ('365', '2018-03-03 12:41:25', '1', '登录', '1'), ('366', '2018-03-03 12:48:09', '1', '登录', '1'), ('367', '2018-03-12 03:20:58', '1', '登录', '1'), ('368', '2018-03-13 03:00:37', '1', '登录', '1'), ('369', '2018-03-25 03:38:43', '1', '登录', '1');
COMMIT;

-- ----------------------------
--  Table structure for `message`
-- ----------------------------
DROP TABLE IF EXISTS `message`;
CREATE TABLE `message` (
  `m_id` int(11) NOT NULL AUTO_INCREMENT,
  `u_id` int(11) DEFAULT NULL COMMENT '留言者ID',
  `u_name` varchar(255) DEFAULT NULL COMMENT '留言者姓名',
  `m_content` text COMMENT '留言内容',
  `m_time` datetime DEFAULT NULL,
  `a_id` int(11) DEFAULT NULL COMMENT '给哪个管理员的留言',
  `reply` int(11) DEFAULT '0',
  PRIMARY KEY (`m_id`)
) ENGINE=InnoDB AUTO_INCREMENT=40 DEFAULT CHARSET=utf8;

-- ----------------------------
--  Records of `message`
-- ----------------------------
BEGIN;
INSERT INTO `message` VALUES ('8', '73', '赵二', '新的留言', '2017-08-25 06:23:11', '14', '0'), ('9', '73', '赵二', '时间好了', '2017-08-25 13:33:44', '14', '0'), ('10', '75', '彭二', '我也来留言', '2017-08-25 13:34:42', '14', '0'), ('15', '73', '赵二', '回复一下', '2017-08-25 16:50:02', '14', '0'), ('16', '75', '彭二', '统一回复', '2017-08-25 16:50:48', '14', '1'), ('19', '73', '赵二', '哈哈哈', '2017-08-25 16:52:42', '14', '1'), ('21', '54', '张大', '哈哈', '2017-08-26 15:29:31', '12', '0'), ('22', '54', '张大', '回复下', '2017-08-26 15:30:14', '12', '1'), ('24', '54', '张大', '123', '2017-08-29 11:29:28', null, '0'), ('27', '54', '张大', 'asd', '2017-08-29 12:03:05', '12', '0'), ('28', '86', '张三', '我是张三 来留言啦', '2017-08-29 22:33:48', '12', '0'), ('29', '55', '张二', '123', '2017-08-31 15:25:14', '12', '0'), ('30', '55', '张二', '123', '2017-08-31 15:26:56', '12', '0'), ('32', '54', '张大', '234', '2017-08-31 17:02:14', '12', '1'), ('33', '55', '张二', 'asdasd', '2017-09-01 11:47:16', '12', '0'), ('34', '54', '张大', 'hahha ', '2017-09-01 15:50:16', '12', '1'), ('36', '55', '张二', '123', '2017-09-02 15:58:49', '12', '0'), ('37', '55', '张二', '123按时打算了as沃尔沃额vdfcvasdapsd请问去爱上邓丽君普洱区委宣传，地方asdasmx.c按时吃', '2017-09-02 16:00:45', '12', '0'), ('38', '55', '张二', 'test111', '2017-09-03 16:07:54', '12', '0'), ('39', '55', '张二', 'hehe', '2017-09-03 16:11:42', '12', '1');
COMMIT;

-- ----------------------------
--  Table structure for `prize_back`
-- ----------------------------
DROP TABLE IF EXISTS `prize_back`;
CREATE TABLE `prize_back` (
  `id` int(11) NOT NULL AUTO_INCREMENT,
  `time` datetime DEFAULT NULL COMMENT '反馈的时间',
  `b_content` varchar(255) DEFAULT NULL COMMENT '奖项回馈的内容（录入奖项有误时的反馈）',
  `u_id` int(11) DEFAULT NULL COMMENT '反馈者ID',
  `u_name` varchar(255) DEFAULT NULL,
  `p_id` int(11) DEFAULT NULL,
  `seen` int(11) DEFAULT '0',
  PRIMARY KEY (`id`)
) ENGINE=InnoDB AUTO_INCREMENT=26 DEFAULT CHARSET=utf8;

-- ----------------------------
--  Records of `prize_back`
-- ----------------------------
BEGIN;
INSERT INTO `prize_back` VALUES ('1', '2017-08-28 17:11:11', '123', '54', '张大', '231', '1'), ('2', '2017-08-29 20:48:50', 'hhaha ', '54', '张大', '309', '1'), ('3', '2017-08-29 21:03:15', '有问题啊', '60', '信管21', '329', '1'), ('4', '2017-08-29 21:15:07', 'hello', '60', '信管21', '330', '1'), ('5', '2017-08-29 22:07:33', '123123', '60', '信管21', '329', '1'), ('6', '2017-08-29 22:07:36', '123123123123', '60', '信管21', '330', '1'), ('7', '2017-08-29 22:22:00', 'haha ', '60', '信管21', '329', '1'), ('8', '2017-08-29 22:33:01', '123123', '55', '张二', '335', '1'), ('9', '2017-08-29 22:33:07', 'ASDA ', '55', '张二', '337', '1'), ('14', '2017-08-30 13:45:01', '阿斯蒂芬', '54', '杨书', '0', '1'), ('15', '2017-08-30 13:47:28', '有问题', '54', '杨书', '0', '1'), ('16', '2017-08-30 13:48:53', '还有问题', '54', '杨书', '0', '1'), ('17', '2017-08-30 16:53:43', '就是不好', '54', '杨书', '0', '1'), ('18', '2017-08-31 16:20:12', '去', '54', '杨书', '0', '1'), ('19', '2017-08-31 16:25:54', '123', '54', '杨书', '0', '1'), ('20', '2017-08-31 16:26:20', '', '54', '杨书', '0', '1'), ('21', '2017-08-31 16:34:43', '已驳回，没有说明原因', '54', '杨书', '0', '1'), ('22', '2017-08-31 16:35:50', '已驳回，没有说明原因', '54', '杨书', '0', '1'), ('23', '2017-08-31 16:37:33', '驳回提交，没有说明原因', '54', '杨书', '0', '1'), ('24', '2017-09-02 00:00:20', '123', '55', '杨书', '0', '1'), ('25', '2017-09-02 10:20:54', '123123', '55', '张二', '12', '1');
COMMIT;

-- ----------------------------
--  Table structure for `prize_confirm`
-- ----------------------------
DROP TABLE IF EXISTS `prize_confirm`;
CREATE TABLE `prize_confirm` (
  `p_id` int(11) NOT NULL AUTO_INCREMENT,
  `u_id` int(11) DEFAULT NULL COMMENT '获奖者ID',
  `i_id` int(11) DEFAULT NULL COMMENT '奖项ID',
  `u_name` varchar(255) DEFAULT NULL,
  `i_name` varchar(255) DEFAULT NULL,
  `i_status` varchar(255) DEFAULT NULL COMMENT '确认状态',
  `add_time` varchar(100) DEFAULT NULL COMMENT '录入时间',
  `is_submit` int(11) DEFAULT '0',
  PRIMARY KEY (`p_id`)
) ENGINE=InnoDB AUTO_INCREMENT=69 DEFAULT CHARSET=utf8;

-- ----------------------------
--  Records of `prize_confirm`
-- ----------------------------
BEGIN;
INSERT INTO `prize_confirm` VALUES ('62', '54', '66', '张大', '外观设计专利第一申请人', '已确定', '2016年春期', '1'), ('63', '55', '66', '张二', '外观设计专利第一申请人', '已确定', '2016年春期', '1'), ('65', '54', '69', '张大', '省，市，部级项目负责人', '已确定', '2016年春期', '1'), ('66', '55', '34', '张二', '为受到行政处分以及刑事处罚', '待确定', '2017年秋期', '0'), ('67', '86', '34', '张三', '为受到行政处分以及刑事处罚', '待确定', '2017年秋期', '0'), ('68', '55', '79', '张二', '组织或策划校级活动', '待确定', '2017年秋期', '0');
COMMIT;

-- ----------------------------
--  Table structure for `prize_get`
-- ----------------------------
DROP TABLE IF EXISTS `prize_get`;
CREATE TABLE `prize_get` (
  `id` int(11) NOT NULL AUTO_INCREMENT,
  `u_id` int(11) DEFAULT NULL COMMENT '获奖者ID',
  `i_name` varchar(255) DEFAULT NULL COMMENT '奖项名称',
  `get_time` varchar(100) DEFAULT NULL COMMENT '获得时间',
  `i_id` int(11) DEFAULT NULL COMMENT '奖项ID',
  `u_name` varchar(255) DEFAULT NULL,
  PRIMARY KEY (`id`)
) ENGINE=InnoDB AUTO_INCREMENT=118 DEFAULT CHARSET=utf8;

-- ----------------------------
--  Records of `prize_get`
-- ----------------------------
BEGIN;
INSERT INTO `prize_get` VALUES ('89', '55', '参加积极分子党课并结业', '2017年秋期', '18', '张二'), ('90', '55', '积极分子党课获得优秀学员', '2017年秋期', '19', '张二'), ('91', '55', '预备党员党课优秀学员', '2017年秋期', '21', '张二'), ('92', '55', '90-95分', '2017年秋期', '36', '张二'), ('93', '55', '85-90分', '2017年秋期', '37', '张二'), ('94', '55', '国家级竞赛一等奖', '2017年秋期', '53', '张二'), ('95', '55', '国家级竞赛二等奖', '2017年秋期', '54', '张二'), ('96', '55', '国家级竞赛三等奖', '2017年秋期', '55', '张二'), ('97', '55', '组织或策划校级以上活动', '2017年秋期', '78', '张二'), ('98', '55', '组织或策划校级活动', '2017年秋期', '79', '张二'), ('99', '55', '有人数要求的讲座，报告，仪式等活动', '2017年秋期', '82', '张二'), ('100', '54', '积极分子党课获得优秀学员', '2016年春期', '19', '张大'), ('101', '54', '参加预备党员党课并结业', '2016年春期', '20', '张大'), ('102', '54', '党支部委员', '2016年春期', '22', '张大'), ('103', '54', '积极参与党团活动', '2016年春期', '23', '张大'), ('104', '54', '90-95分', '2016年春期', '36', '张大'), ('105', '54', '85-90分', '2017年春期', '37', '张大'), ('106', '54', '外观设计专利第一申请人', '2016年春期', '66', '张大'), ('107', '54', '外观设计专利申请团队成员', '2016年春期', '67', '张大'), ('108', '54', '软件著作权第一申请人', '2016年春期', '68', '张大'), ('109', '54', '积极主动参加各类讲座，报告，仪式等活动', '2016年春期', '81', '张大'), ('110', '54', '有人数要求的讲座，报告，仪式等活动', '2016年春期', '82', '张大'), ('111', '54', '团结同学', '2016年秋期', '24', '张大'), ('112', '54', '尊敬师长', '2017年秋期', '25', '张大'), ('113', '55', '预备党员党课优秀学员', '2017年秋期', '21', '张二'), ('114', '55', '积极参与党团活动', '2016年秋期', '23', '张二'), ('115', '55', '发明专利第一申请人', '2017年秋期', '62', '张二'), ('116', '86', '预备党员党课优秀学员', '2017年秋期', '21', '张三'), ('117', '86', '为班级学风建设做出突出贡献', '2017年秋期', '31', '张三');
COMMIT;

-- ----------------------------
--  Table structure for `student`
-- ----------------------------
DROP TABLE IF EXISTS `student`;
CREATE TABLE `student` (
  `s_id` int(11) NOT NULL AUTO_INCREMENT,
  `s_name` varchar(255) DEFAULT NULL,
  `s_num` int(11) NOT NULL,
  `s_pass` varchar(255) NOT NULL,
  `class_id` int(11) DEFAULT NULL COMMENT '级班ID',
  `is_monitor` int(11) DEFAULT '0' COMMENT '班长标示',
  `img` varchar(255) DEFAULT NULL,
  `grade` int(11) DEFAULT NULL,
  `college_id` int(11) DEFAULT NULL COMMENT '学院id',
  `sex` varchar(255) DEFAULT NULL,
  `personas_img` varchar(255) DEFAULT NULL,
  `is_del` int(1) DEFAULT '0' COMMENT '是否删除',
  PRIMARY KEY (`s_id`)
) ENGINE=InnoDB AUTO_INCREMENT=111 DEFAULT CHARSET=utf8;

-- ----------------------------
--  Records of `student`
-- ----------------------------
BEGIN;
INSERT INTO `student` VALUES ('94', '计算机1', '402', '25d55ad283aa400af464c76d713c07ad', '40', '0', 'http://127.0.0.1/nefu/uploads/s1.png', '2017', '9', '男', 'http://127.0.0.1/nefu/uploads/boy.png', '1'), ('95', '计算机2', '402', '25d55ad283aa400af464c76d713c07ad', '40', '0', 'http://127.0.0.1/nefu/uploads/s1.png', '2017', '9', '男', 'http://127.0.0.1/nefu/uploads/boy.png', '0'), ('96', '计算机11', '402', '25d55ad283aa400af464c76d713c07ad', '39', '0', 'http://127.0.0.1/nefu/uploads/s4.png', '2017', '9', '女', 'http://127.0.0.1/nefu/uploads/girl.png', '0'), ('97', '计算机12', '402', '25d55ad283aa400af464c76d713c07ad', '39', '0', 'http://127.0.0.1/nefu/uploads/s4.png', '2017', '9', '女', 'http://127.0.0.1/nefu/uploads/girl.png', '0'), ('98', '计1', '402', '25d55ad283aa400af464c76d713c07ad', '32', '0', 'http://127.0.0.1/nefu/uploads/s4.png', '2017', '9', '女', 'http://127.0.0.1/nefu/uploads/girl.png', '1'), ('99', '计2', '402', '25d55ad283aa400af464c76d713c07ad', '32', '0', 'http://127.0.0.1/nefu/uploads/s4.png', '2017', '9', '女', 'http://127.0.0.1/nefu/uploads/girl.png', '1'), ('100', '计机1', '402', '25d55ad283aa400af464c76d713c07ad', '31', '0', 'http://127.0.0.1/nefu/uploads/s4.png', '2017', '9', '女', 'http://127.0.0.1/nefu/uploads/girl.png', '1'), ('101', '18软件1', '402', '25d55ad283aa400af464c76d713c07ad', '42', '0', 'http://127.0.0.1/nefu/uploads/s4.png', '2018', '9', '女', 'http://127.0.0.1/nefu/uploads/girl.png', '0'), ('102', '18软件2', '402', '25d55ad283aa400af464c76d713c07ad', '42', '0', 'http://127.0.0.1/nefu/uploads/s4.png', '2018', '9', '女', 'http://127.0.0.1/nefu/uploads/girl.png', '0'), ('103', '08软件31', '402', '25d55ad283aa400af464c76d713c07ad', '43', '0', 'http://127.0.0.1/nefu/uploads/s4.png', '2018', '9', '女', 'http://127.0.0.1/nefu/uploads/girl.png', '0'), ('104', '机电111', '402', '25d55ad283aa400af464c76d713c07ad', '33', '0', 'http://127.0.0.1/nefu/uploads/s4.png', '2018', '10', '女', 'http://127.0.0.1/nefu/uploads/girl.png', '0'), ('105', '机电112', '402', '25d55ad283aa400af464c76d713c07ad', '33', '0', 'http://127.0.0.1/nefu/uploads/s4.png', '2018', '10', '女', 'http://127.0.0.1/nefu/uploads/girl.png', '0'), ('106', '机电121', '402', '25d55ad283aa400af464c76d713c07ad', '34', '0', 'http://127.0.0.1/nefu/uploads/s4.png', '2018', '10', '女', 'http://127.0.0.1/nefu/uploads/girl.png', '0'), ('107', '机电122', '402', '25d55ad283aa400af464c76d713c07ad', '34', '0', 'http://127.0.0.1/nefu/uploads/s4.png', '2018', '10', '女', 'http://127.0.0.1/nefu/uploads/girl.png', '0'), ('108', '机电211', '402', '25d55ad283aa400af464c76d713c07ad', '35', '0', 'http://127.0.0.1/nefu/uploads/s4.png', '2018', '10', '女', 'http://127.0.0.1/nefu/uploads/girl.png', '0'), ('109', '机电221', '402', '25d55ad283aa400af464c76d713c07ad', '36', '0', 'http://127.0.0.1/nefu/uploads/s4.png', '2018', '10', '女', 'http://127.0.0.1/nefu/uploads/girl.png', '0'), ('110', 'aaa', '403', '25d55ad283aa400af464c76d713c07ad', '31', '0', 'http://127.0.0.1/nefu/uploads/s1.png', '2017', '9', '男', 'http://127.0.0.1/nefu/uploads/boy.png', '0');
COMMIT;

SET FOREIGN_KEY_CHECKS = 1;
